{"cameraMode":{"drawMode":0,"name":"Shaded","section":"Shading Mode"},"sceneLighting":true,"audioPlay":false,"sceneViewState":{"showFog":true,"showMaterialUpdate":false,"showSkybox":true,"showFlares":true,"showImageEffects":true,"showParticleSystems":true},"in2DMode":false,"pivot":{"x":-1311.66552734375,"y":-49.1639404296875,"z":-715.06298828125},"rotation":{"x":0.31555911898612978,"y":-0.06824155896902085,"z":0.022767046466469766,"w":0.9462200403213501},"size":1757.7332763671875,"orthographic":false}